{"schemaVersion":"1.0","appDefinitionTemplate":{"id":"/providers/Microsoft.PowerApps/apps/","type":"Microsoft.PowerApps/apps","tags":{"primaryDeviceWidth":"1920","primaryDeviceHeight":"1080","supportsPortrait":"true","supportsLandscape":"true","primaryFormFactor":"Tablet","publisherVersion":"3.22061.6","minimumRequiredApiVersion":"2.2.0","hasComponent":"false","hasUnlockedComponent":"false","isUnifiedRootApp":"false","sienaVersion":"20220616T164112Z-3.22061.6.0"},"properties":{"appVersion":"2022-06-16T16:41:12Z","lifeCycleId":"Published","createdByClientVersion":{"major":3,"minor":22061,"build":6,"revision":0,"majorRevision":0,"minorRevision":0},"minClientVersion":{"major":3,"minor":22061,"build":6,"revision":0,"majorRevision":0,"minorRevision":0},"backgroundColor":"rgba(0, 0, 0, 1)","backgroundImageUri":"/2584088085928602446/Nde83a419-975a-4aaf-b9a6-47ddcdf59760-logoSmallFile","displayName":"SiteBK-Situs UTBK","description":"","commitMessage":"","appUris":{"documentUri":{"value":"/2584088085928602446/N7935c8b9-5e3a-4ff6-9ccb-bcfcb3b5df0b-document.msapp"},"imageUris":[]},"createdTime":"0001-01-01T00:00:00Z","lastModifiedTime":"0001-01-01T00:00:00Z","sharedGroupsCount":0,"sharedUsersCount":0,"icons":{"smallIconUri":"/2584088085928602446/Na62db5ed-d649-4718-a6e2-33e126b61cc1-small.png","mediumIconUri":"/2584088085928602446/N69224671-68a8-4882-994f-1263102ea80c-medium.png","largeIconUri":"/2584088085928602446/Ne51a066f-b6e4-4fab-9c71-631928ccdbc6-large.png","wideIconUri":"/2584088085928602446/N559fd987-58ff-4ce6-87f5-a837e3112e24-wide.png"},"connectionReferences":{"dd0e6ed8-0b45-47bb-8226-66304986ae2b":{"id":"518235d8-e464-4f07-8936-b344790fa0d6","displayName":"SharePoint","iconUri":"https://connectoricons-prod.azureedge.net/releases/v1.0.1578/1.0.1578.2813/sharepointonline/icon.png","dataSources":["Informasi_1","Dokumen","Tabel_Akun","Tabel_Peserta","Tabel_Sekolah","Soal","Role"],"dependencies":[],"dependents":["caa23c96-3d95-4570-af1c-5c2fb8afcd78"],"parameterHints":{},"parameterHintsV2":{},"isOnPremiseConnection":false,"bypassConsent":false,"dataSets":{"https://acmindonesia.sharepoint.com/sites/adhitya":{"dataSources":{"Informasi_1":{"tableName":"19e6fdd1-294f-4ed4-9ab9-2643856c7937"},"Dokumen":{"tableName":"a08ee163-6f88-43e8-8243-8b07f647e58b"},"Tabel_Akun":{"tableName":"2724e268-1540-428a-9e76-74571d4fa7c4"},"Tabel_Peserta":{"tableName":"282d1960-e4d6-4879-b30b-aa8cd423cdb4"},"Tabel_Sekolah":{"tableName":"f7ed6dea-0dd5-4882-8374-16c61745b1ef"},"Soal":{"tableName":"df2c0e60-cc84-4711-af4a-4ee3a67b911b"},"Role":{"tableName":"27cee6c8-62d5-49ee-928f-af84c957d370"}}}},"apiTier":"Standard","isCustomApiConnection":false,"actions":["providers/PowerPlatform.Governance/Operations/Read"]},"caa23c96-3d95-4570-af1c-5c2fb8afcd78":{"id":"5a06b38f-9c7f-4f1d-80b7-d7ed7d323c4d","displayName":"Logic flows","iconUri":"https://connectoricons-prod.azureedge.net/releases/v1.0.1534/1.0.1534.2605/logicflows/icon.png","dataSources":["RenderPDFFileData"],"dependencies":["dd0e6ed8-0b45-47bb-8226-66304986ae2b"],"dependents":[],"parameterHints":{"workflowName":{"value":"1f33a8cd-b1ad-4af9-86b7-36345f2d5ed5"},"workflowEntityId":{},"dd0e6ed8-0b45-47bb-8226-66304986ae2b":{"value":"shared_sharepointonline"}},"parameterHintsV2":{"workflowName":{"value":"1f33a8cd-b1ad-4af9-86b7-36345f2d5ed5"},"workflowEntityId":{},"shared_sharepointonline":{"value":"dd0e6ed8-0b45-47bb-8226-66304986ae2b"}},"isOnPremiseConnection":false,"bypassConsent":false,"dataSets":{},"apiTier":"Standard","isCustomApiConnection":false,"nestedActions":[{"id":"/providers/Microsoft.PowerApps/apis/shared_sharepointonline/apiOperations/GetFileContentByPath","apiName":"SharePoint","actionName":"GetFileContentByPath","referencedResources":[{"key":"site","value":"[DYNAMIC_VALUE]"}]}]},"8621de79-a69d-430f-8d7d-2ece195c24ab":{"id":"ae5619da-b523-4fc3-9827-d2177261de53","displayName":"Office 365 Users","iconUri":"https://connectoricons-prod.azureedge.net/releases/v1.0.1573/1.0.1573.2770/office365users/icon.png","dataSources":["Office365Users"],"dependencies":[],"dependents":[],"parameterHints":{},"parameterHintsV2":{},"isOnPremiseConnection":false,"bypassConsent":false,"dataSets":{},"apiTier":"Standard","isCustomApiConnection":false}},"authorizationReferences":[{"resourceId":"formspro"}],"databaseReferences":{},"almMode":"Environment","performanceOptimizationEnabled":true,"canConsumeAppPass":true,"executionRestrictions":{"isTeamsOnly":false,"dataLossPreventionEvaluationResult":{"status":"Compliant","lastEvaluationDate":"2022-06-16T16:41:42.9609331Z","violations":[],"violationsByPolicy":[],"violationErrorMessage":"The app uses the following connectors: shared_sharepointonline, shared_logicflows, shared_office365users."},"httpActionRestriction":{"appUsesSharepointHttpAction":false,"enforcementStrategy":"Legacy","evaluationTime":"2022-06-16T16:41:42.9605921Z"}}},"appType":"ClassicCanvasApp","appComponents":[]}}