{"name":"35ef4a18-7656-40db-9a66-edec5f7dad97","id":"/providers/Microsoft.Flow/flows/35ef4a18-7656-40db-9a66-edec5f7dad97","type":"Microsoft.Flow/flows","properties":{"apiId":"/providers/Microsoft.PowerApps/apis/shared_logicflows","displayName":"Render PDF File Data","definition":{"metadata":{"workflowEntityId":null,"processAdvisorMetadata":null,"flowclientsuspensionreason":"None","flowclientsuspensiontime":null,"creator":{"id":"ecd8a6a8-55b1-427a-9725-f32a44a974aa","type":"User","tenantId":"d7b95ec4-9a7f-4260-b2e3-eb53f0ac8401"},"provisioningMethod":"FromDefinition","failureAlertSubscription":true,"clientLastModifiedTime":"2022-06-15T08:06:35.6847347Z"},"$schema":"https://schema.management.azure.com/providers/Microsoft.Logic/schemas/2016-06-01/workflowdefinition.json#","contentVersion":"1.0.0.0","parameters":{"$connections":{"defaultValue":{},"type":"Object"},"$authentication":{"defaultValue":{},"type":"SecureObject"}},"triggers":{"manual":{"metadata":{"operationMetadataId":"36db0e60-c4d4-4f34-8eb2-0207ee8645ef"},"type":"Request","kind":"PowerApp","inputs":{"schema":{"type":"object","properties":{"varSiteAddress_Value":{"type":"string","description":"Enter initial value","x-ms-powerflows-param-ispartial":false},"Initializevariable_Value":{"type":"any"},"varFilePath_Value":{"type":"string","description":"Enter initial value","x-ms-powerflows-param-ispartial":false}},"required":["varSiteAddress_Value","Initializevariable_Value","varFilePath_Value"]}}}},"actions":{"varSiteAddress":{"runAfter":{},"metadata":{"operationMetadataId":"428a98e9-c0c1-4810-9d0f-546f1fefdacd"},"type":"InitializeVariable","inputs":{"variables":[{"name":"varSiteAddress","type":"string","value":"@{triggerBody()['varSiteAddress_Value']}"}]}},"varFilePath":{"runAfter":{"varSiteAddress":["Succeeded"]},"metadata":{"operationMetadataId":"963195dc-82d6-4ff6-ba6b-c69500eed974"},"type":"InitializeVariable","inputs":{"variables":[{"name":"varFilePath","type":"string","value":"@{triggerBody()['varFilePath_Value']}"}]}},"Get_PDF_Data":{"runAfter":{"varFilePath":["Succeeded"]},"metadata":{"operationMetadataId":"00280286-3081-4c74-93eb-2c893450d67a"},"type":"OpenApiConnection","inputs":{"host":{"apiId":"/providers/Microsoft.PowerApps/apis/shared_sharepointonline","connectionName":"shared_sharepointonline","operationId":"GetFileContentByPath"},"parameters":{"dataset":"@triggerBody()['varSiteAddress_Value']","path":"@triggerBody()['varFilePath_Value']","inferContentType":true},"authentication":{"value":"@json(decodeBase64(triggerOutputs().headers['X-MS-APIM-Tokens']))['$ConnectionKey']","type":"Raw"}}},"Respond_to_a_PowerApp_or_flow":{"runAfter":{"Get_PDF_Data":["Succeeded"]},"metadata":{"operationMetadataId":"87e4e72b-c941-4f11-b36c-788a833db0cf"},"type":"Response","kind":"PowerApp","inputs":{"statusCode":200,"body":{"pdfcontent":"@{outputs('Get_PDF_Data')?['body']['$content']}"},"schema":{"type":"object","properties":{"pdfcontent":{"title":"PDFContent","x-ms-dynamically-added":true,"type":"string","format":"byte"}}}}}}},"connectionReferences":{"shared_sharepointonline":{"connectionName":"161adf3f0c3443e9bd938654f87e7f4c","source":"Invoker","id":"/providers/Microsoft.PowerApps/apis/shared_sharepointonline","tier":"NotSpecified"}},"flowFailureAlertSubscribed":false,"isManaged":false}}